{"resourceType":"ValueSet","id":"kdl-vs-2025","text":{"status":"generated","div":"<div xmlns=\"http://www.w3.org/1999/xhtml\"><p class=\"res-header-id\"><b>Generated Narrative: ValueSet kdl-vs-2025</b></p><a name=\"kdl-vs-2025\"> </a><a name=\"hckdl-vs-2025\"> </a><ul><li>Include codes from<a href=\"CodeSystem-kdl-cs-2026.html\"><code>http://dvmd.de/fhir/CodeSystem/kdl</code></a><span title=\"Version is not explicitly stated, which means it is fixed to the version provided in this specification\"> version &#x1F4E6;2025.0.1</span> where child doesn't exist</li></ul></div>"},"url":"http://dvmd.de/fhir/ValueSet/kdl","identifier":[{"system":"urn:ietf:rfc:3986","value":"urn:oid:1.2.276.0.76.11.469"}],"version":"2025.0.1","name":"ValueSetKDL","title":"ValueSet Klinische Dokumentenklassen-Liste (Version 2025)","status":"active","experimental":false,"date":"2025-01-01","publisher":"Der Fachverband für Dokumentation und Informationsmanagement in der Medizin (DVMD)","contact":[{"name":"Der Fachverband für Dokumentation und Informationsmanagement in der Medizin (DVMD)","telecom":[{"system":"url","value":"https://www.dvmd.de"},{"system":"email","value":"dvmd@dvmd.de"}]}],"description":"ValueSets sind Listen von Codes, die in einem bestimmten Kontext verwendet werden. Durch sog. &quot;Terminology-Binding&quot; können Attribute von FHIR-Ressourcen an ValueSets gebunden werden, um die Menge der zulässigen Werte für dieses Attribut einzuschränken.  Dieses ValueSet enthält sämtliche Codes aus dem CodeSystem &quot;KDL&quot; und ist für Bindings an Attribute geeignet, an denen alle Werte aus dem CodeSystem &quot;KDL&quot; erlaubt werden sollen.  Beispiel: DocumentReference.type","copyright":"2025 DVMD e.V.","compose":{"include":[{"system":"http://dvmd.de/fhir/CodeSystem/kdl","filter":[{"property":"child","op":"exists","value":"false"}]}]}}