{
  "resourceType" : "DocumentReference",
  "id" : "kdl-dokref-ex-1",
  "text" : {
    "status" : "generated",
    "div" : "<div xmlns=\"http://www.w3.org/1999/xhtml\"><p class=\"res-header-id\"><b>Generated Narrative: DocumentReference kdl-dokref-ex-1</b></p><a name=\"kdl-dokref-ex-1\"> </a><a name=\"hckdl-dokref-ex-1\"> </a><p><b>masterIdentifier</b>: <a href=\"http://terminology.hl7.org/7.0.0/NamingSystem-uri.html\" title=\"As defined by RFC 3986 (http://www.ietf.org/rfc/rfc3986.txt)(with many schemes defined in many RFCs). For OIDs and UUIDs, use the URN form (urn:oid:(note: lowercase) and urn:uuid:). See http://www.ietf.org/rfc/rfc3001.txt and http://www.ietf.org/rfc/rfc4122.txt \r\n\r\nThis oid is used as an identifier II.root to indicate the the extension is an absolute URI (technically, an IRI). Typically, this is used for OIDs and GUIDs. Note that when this OID is used with OIDs and GUIDs, the II.extension should start with urn:oid or urn:uuid: \r\n\r\nNote that this OID is created to aid with interconversion between CDA and FHIR - FHIR uses urn:ietf:rfc:3986 as equivalent to this OID. URIs as identifiers appear more commonly in FHIR.\r\n\r\nThis OID may also be used in CD.codeSystem.\">Uniform Resource Identifier (URI)</a>/urn:oid:1.2.276.0.76.3.1.191.0002.01.9999999999999.00000001.999.99.9999999999999999</p><p><b>status</b>: Current</p><p><b>type</b>: <span title=\"Codes:{http://dvmd.de/fhir/CodeSystem/kdl AD010103}\">Entlassungsbericht intern</span></p><p><b>subject</b>: <a href=\"Patient/example\">Patient/example</a></p><p><b>date</b>: 2018-10-30 07:24:22+0000</p><p><b>description</b>: Epikrise</p><blockquote><p><b>content</b></p><h3>Attachments</h3><table class=\"grid\"><tr><td style=\"display: none\">-</td><td><b>Language</b></td><td><b>Url</b></td></tr><tr><td style=\"display: none\">*</td><td>German (Region=Germany)</td><td>Binary/95a0827c-b3dc-41b6-a114-f7dde38e9f3e</td></tr></table></blockquote></div>"
  },
  "masterIdentifier" : {
    "system" : "urn:ietf:rfc:3986",
    "value" : "urn:oid:1.2.276.0.76.3.1.191.0002.01.9999999999999.00000001.999.99.9999999999999999"
  },
  "status" : "current",
  "type" : {
    "coding" : [{
      "system" : "http://dvmd.de/fhir/CodeSystem/kdl",
      "code" : "AD010103",
      "display" : "Entlassungsbericht intern"
    }]
  },
  "subject" : {
    "reference" : "Patient/example"
  },
  "date" : "2018-10-30T07:24:22+00:00",
  "description" : "Epikrise",
  "content" : [{
    "attachment" : {
      "language" : "de-DE",
      "url" : "Binary/95a0827c-b3dc-41b6-a114-f7dde38e9f3e"
    }
  }]
}