{
  "codeSystems" : [
    {
      "url" : "http://dvmd.de/fhir/ValueSet/kdl",
      "version" : "2026.0.0",
      "status" : "active",
      "name" : "ValueSetKDL",
      "title" : "ValueSet Klinische Dokumentenklassen-Liste (Version 2025)",
      "description" : "ValueSets sind Listen von Codes, die in einem bestimmten Kontext verwendet werden. Durch sog. &quot;Terminology-Binding&quot; können Attribute von FHIR-Ressourcen an ValueSets gebunden werden, um die Menge der zulässigen Werte für dieses Attribut einzuschränken.  Dieses ValueSet enthält sämtliche Codes aus dem CodeSystem &quot;KDL&quot; und ist für Bindings an Attribute geeignet, an denen alle Werte aus dem CodeSystem &quot;KDL&quot; erlaubt werden sollen.  Beispiel: DocumentReference.type",
      "systems" : ["http://dvmd.de/fhir/CodeSystem/kdl"],
      "oids" : ["1.2.276.0.76.11.469"],
      "sources" : ["1.2.276.0.76.11.469"],
      "uses" : {
      },
      "ConceptMap-kdl-ihe-classcode.html" : "ConceptMap zur Übersetzung von KDL-Codes in IHE-XDS DocumentEntry.classCodes - Kontext: Archivierung, inkl. eVV",
      "ConceptMap-kdl-ihe-typecode.html" : "ConceptMap zur Übersetzung von KDL-Codes in IHE-XDS DocumentEntry.typeCodes - Kontext: Archivierung, inkl. eVV"
    }
  ]
}
